1,0,74.000,338.952,255.395
2,1,74.000,338.760,254.666
3,2,74.000,338.338,254.013
4,3,74.000,338.223,252.899
5,4,74.000,337.685,251.632
6,5,74.000,337.493,250.211
7,6,74.400,336.994,248.406
8,7,74.800,335.957,244.989
9,8,74.800,335.919,244.067
10,9,75.200,335.804,244.106
11,10,75.200,335.420,243.146
12,11,75.600,334.460,241.187
13,12,76.000,334.498,240.381
14,13,76.000,334.153,239.498
15,14,76.000,334.345,238.960
16,15,76.000,334.191,238.461
17,16,75.600,334.229,237.808
18,17,75.200,333.999,237.424
19,18,74.800,334.076,236.733
20,19,74.400,333.730,236.195
21,20,73.600,333.999,235.619
22,21,73.200,334.191,234.967
23,22,72.800,334.076,234.391
24,23,72.800,334.153,233.930
25,24,72.400,334.114,233.507
26,25,71.200,334.114,232.778
27,26,71.200,334.191,232.163
28,27,70.800,334.460,231.587
29,28,70.000,334.383,231.088
30,29,69.600,334.498,230.359
31,30,69.200,334.690,229.744
32,31,69.200,334.805,229.245
33,32,68.800,334.882,228.477
34,33,68.400,335.151,227.901
35,34,68.000,335.151,227.325
36,35,67.600,335.343,226.634
37,36,67.600,335.573,225.789
38,37,67.200,335.689,225.136
39,38,67.200,335.996,224.330
40,39,66.400,336.687,222.410
41,40,66.000,337.263,221.527
42,41,66.000,337.992,220.029
43,42,66.400,338.492,219.108
44,43,66.400,339.797,217.956
45,44,65.600,340.796,217.188
46,45,65.200,341.487,216.688
47,46,64.400,342.332,215.997
48,47,64.400,342.792,215.613
49,48,63.600,343.714,215.037
50,49,63.200,345.327,214.077
51,50,62.400,346.632,213.309
52,51,61.600,347.976,212.426
53,52,60.800,348.744,211.965
54,53,60.400,349.858,211.197
55,54,59.200,349.973,210.929
56,55,59.200,350.511,210.813
57,56,58.800,350.972,210.468
58,57,56.800,353.199,209.393
59,58,56.800,353.890,209.162
60,59,56.400,354.811,208.701
61,60,55.200,356.463,207.972
62,61,54.400,358.383,207.012
63,62,52.800,360.187,206.397
64,63,52.800,361.647,206.013
65,64,51.600,362.338,205.553
66,65,51.600,362.875,205.169
67,66,51.200,363.490,204.977
68,67,50.400,364.911,204.170
69,68,49.200,365.909,203.517
70,69,48.800,366.831,202.980
71,70,48.400,367.906,202.481
72,71,47.600,369.096,201.789
73,72,47.200,370.018,201.444
74,73,46.800,370.824,201.098
75,74,46.400,371.784,200.868
76,75,45.600,372.859,200.330
77,76,45.200,374.741,199.639
78,77,44.800,376.046,198.986
79,78,44.800,377.083,198.449
80,79,43.600,378.235,198.141
81,80,43.200,379.810,197.297
82,81,43.200,380.654,196.951
83,82,42.400,381.691,197.105
84,83,42.400,382.344,196.759
85,84,41.600,383.841,196.337
86,85,41.200,385.531,195.876
87,86,41.200,387.336,195.108
88,87,40.800,388.987,194.686
89,88,40.800,390.177,194.263
90,89,40.800,391.483,193.764
91,90,40.400,394.056,192.305
92,91,40.400,395.515,191.460
93,92,40.400,397.013,190.462
94,93,40.400,398.856,189.310
95,94,39.600,399.316,189.386
96,95,38.800,400.046,189.540
97,96,38.400,400.622,189.617
98,97,37.200,401.428,189.617
99,98,36.800,402.964,189.348
100,99,36.400,403.771,189.386
101,100,35.600,404.654,189.809
102,101,35.200,405.537,189.617
103,102,34.400,406.228,189.655
104,103,33.200,406.881,189.809
105,104,32.400,408.148,190.154
106,105,31.600,408.686,190.538
107,106,30.800,409.147,191.690
108,107,30.000,409.300,192.190
109,108,29.600,409.300,192.689
110,109,29.600,409.569,193.226
111,110,28.800,409.761,193.956
112,111,28.000,409.761,194.225
113,108,30.400,409.915,191.729
114,113,30.800,410.030,191.422
115,114,30.800,410.299,191.345
116,115,31.200,410.452,190.846
117,94,40.400,398.971,189.617
118,117,39.600,398.740,190.116
119,118,39.200,398.817,190.654
120,119,38.800,398.971,190.922
121,120,38.800,399.355,191.114
122,121,38.800,400.238,191.882
123,76,45.200,371.976,199.639
124,123,44.400,371.899,199.025
125,124,44.000,371.861,198.833
126,125,43.600,371.515,198.909
127,126,43.200,371.438,198.756
128,127,42.400,371.208,198.794
129,128,41.600,370.978,198.641
130,129,40.400,370.786,199.332
131,129,40.000,371.707,198.679
132,131,40.400,372.283,198.410
133,132,38.800,373.090,199.140
134,133,38.000,373.435,199.524
135,134,36.800,374.472,199.946
136,135,36.800,374.894,199.985
137,136,35.200,375.701,199.985
138,137,34.400,376.238,200.330
139,138,32.800,376.891,200.330
140,139,31.600,377.429,200.484
141,140,29.200,377.851,200.522
142,141,27.200,378.197,200.906
143,131,39.600,372.590,198.487
144,143,37.200,372.629,198.641
145,144,36.000,373.205,198.602
146,145,34.000,374.165,198.794
147,146,32.000,375.125,199.217
148,147,30.000,375.816,199.639
149,148,29.600,376.507,200.023
150,149,29.600,377.275,200.061
151,150,29.600,377.966,200.215
152,151,29.200,378.312,200.253
153,152,29.200,378.850,200.637
154,144,37.600,372.130,198.564
155,142,26.400,378.504,201.252
156,155,26.000,378.773,201.636
157,155,24.800,378.542,201.329
158,157,24.400,378.350,201.751
159,158,24.400,379.118,202.404
160,159,23.600,379.618,202.634
161,158,24.400,377.890,202.097
162,161,24.400,377.544,202.289
163,162,24.400,377.352,202.327
164,161,24.000,377.160,202.442
165,164,23.600,377.429,202.634
166,165,23.600,377.736,202.596
167,166,23.200,378.120,202.749
168,167,23.200,378.773,203.018
169,168,22.800,379.195,203.133
170,160,23.200,379.963,202.826
171,170,23.200,380.347,203.249
172,171,22.800,380.923,204.209
173,172,22.400,381.384,204.631
174,173,22.000,381.806,204.593
175,174,21.200,382.344,204.593
176,175,20.800,382.766,204.669
177,176,20.400,383.496,204.938
178,177,19.600,383.841,205.015
179,157,24.000,378.773,201.521
180,179,23.200,379.042,201.329
181,180,22.800,379.464,201.444
182,181,22.400,379.848,201.905
183,182,22.400,380.616,202.135
184,183,22.400,381.115,202.519
185,184,22.400,381.845,202.749
186,185,21.600,382.613,202.941
187,186,21.200,382.997,202.903
188,187,21.200,383.957,202.980
189,188,20.800,384.571,203.249
190,189,20.800,384.955,203.402
191,190,20.400,385.953,203.594
192,191,20.400,386.721,203.402
193,192,20.400,387.873,203.364
194,193,20.000,388.718,203.441
195,194,20.000,389.409,202.711
196,195,20.400,389.947,202.212
197,196,20.800,390.331,201.674
198,197,21.200,390.907,201.367
199,198,21.600,391.253,200.983
200,199,22.000,391.560,200.484
201,200,22.800,392.136,200.369
202,201,22.800,392.712,200.061
203,202,22.800,393.211,199.908
204,203,22.800,393.710,199.601
205,204,22.800,394.171,199.293
206,205,23.200,394.478,198.986
207,206,23.600,395.093,198.794
208,207,23.600,395.630,198.372
209,208,24.400,396.475,197.873
210,209,24.400,397.358,197.642
211,210,24.400,399.048,197.412
212,211,24.000,400.545,197.412
213,212,24.000,401.659,197.604
214,213,23.600,402.427,197.642
215,214,23.200,402.888,197.719
216,181,21.600,379.656,201.213
217,216,21.600,379.886,201.098
218,217,21.600,380.808,201.060
219,218,21.600,381.960,201.021
220,219,21.200,382.459,201.213
221,220,21.200,383.112,201.405
222,221,20.800,384.264,201.521
223,222,20.800,385.800,201.367
224,223,21.600,386.491,201.636
225,224,22.800,386.798,202.020
226,225,23.600,386.990,202.365
227,11,75.200,336.495,242.339
228,227,75.200,337.685,241.802
229,228,75.200,338.837,241.533
230,229,74.800,339.720,241.111
231,230,74.800,340.296,241.303
232,231,74.800,341.064,240.765
233,232,74.400,342.178,240.496
234,233,74.800,341.640,240.074
235,234,75.600,341.103,239.421
236,235,76.400,340.796,239.037
237,236,77.200,340.181,238.615
238,237,78.400,339.951,238.115
239,238,78.800,339.912,237.847
240,239,78.800,340.104,237.616
241,240,79.200,340.565,237.155
242,241,79.200,340.642,236.387
243,242,79.600,340.949,235.888
244,243,79.600,341.026,235.312
245,228,75.200,338.223,241.418
246,245,75.200,338.300,240.803
247,246,74.800,338.338,239.536
248,247,74.800,338.376,238.576
249,248,75.200,338.530,237.962
250,249,75.600,338.914,237.271
251,250,76.400,338.837,236.963
252,251,77.200,339.644,236.387
253,252,78.800,339.874,236.349
254,253,78.800,340.450,235.735
255,254,78.800,341.180,235.312
256,255,78.800,342.024,235.696
257,256,78.800,342.946,235.811
258,257,78.800,344.021,235.466
259,258,78.800,345.327,235.504
260,259,78.400,346.018,235.389
261,260,78.000,346.594,235.159
262,261,77.200,347.132,234.890
263,262,76.400,347.477,234.544
264,263,75.600,347.132,233.891
265,264,74.000,347.669,233.930
266,265,74.000,347.938,234.160
267,266,72.800,348.860,234.429
268,267,72.800,349.205,234.199
269,12,75.600,333.922,241.379
270,269,76.400,332.847,241.533
271,270,76.400,332.194,241.879
272,271,77.200,331.810,241.955
273,272,77.200,330.812,242.531
274,273,77.200,330.313,242.685
275,274,78.000,329.737,242.723
276,275,78.000,329.161,243.107
277,17,75.200,334.767,238.077
278,277,74.000,336.610,237.885
279,278,73.600,337.724,238.000
280,279,73.600,338.530,238.807
281,280,73.600,339.490,238.768
282,281,73.600,340.488,238.538
283,282,74.000,340.796,237.808
284,283,74.000,341.333,236.733
285,284,74.000,341.602,236.003
286,285,74.000,342.562,235.427
287,286,73.600,343.253,235.312
288,287,73.600,343.599,234.583
289,288,73.600,343.407,234.199
290,289,73.600,343.522,233.431
291,290,73.200,343.944,232.279
292,291,72.800,344.060,231.703
293,292,72.000,343.983,232.010
294,293,71.600,343.368,232.432
295,294,71.200,343.023,232.317
296,295,71.200,342.716,232.739
297,296,70.400,342.101,232.893
298,294,71.200,343.560,232.163
299,298,71.200,343.599,231.741
300,244,80.000,340.872,234.391
301,300,80.800,341.064,233.891
302,301,81.600,340.604,233.008
303,302,81.600,340.949,232.547
304,10,76.000,335.036,244.413
305,304,76.800,334.498,243.952
306,305,76.800,333.769,243.261
307,306,77.200,333.308,242.646
308,307,77.200,332.885,242.147
309,308,77.600,332.002,241.264
310,309,78.000,331.733,240.765
311,310,78.000,331.618,239.613
312,311,78.400,331.580,238.960
313,312,78.400,332.002,238.691
314,313,78.400,332.002,237.847
315,314,78.800,332.463,237.463
316,315,79.200,332.732,236.887
317,316,80.000,332.924,236.771
318,317,81.600,333.231,237.040
319,318,82.400,333.538,237.386
320,319,82.400,333.461,237.616
321,320,82.400,333.039,238.000
322,321,82.400,332.770,238.384
323,322,82.800,332.540,238.807
324,323,82.400,332.386,239.267
325,324,82.400,332.117,239.383
326,325,82.400,332.156,239.767
327,326,81.200,332.041,239.728
328,14,76.800,334.114,238.730
329,328,77.200,333.922,238.077
330,329,77.200,333.308,238.269
331,330,77.600,332.770,238.115
332,331,77.600,332.425,238.154
333,332,78.400,331.388,237.847
334,333,78.400,330.543,237.578
335,334,78.800,330.044,237.501
336,335,79.200,329.545,237.501
337,336,79.600,328.469,237.309
338,337,80.000,328.124,237.309
339,338,80.800,327.701,237.079
340,339,81.200,327.202,236.963
341,340,81.600,326.703,237.079
342,341,82.000,326.319,236.887
343,342,82.800,325.743,236.733
344,343,83.600,325.052,236.618
345,344,84.400,324.553,236.503
346,345,85.200,323.900,236.464
347,346,86.000,323.554,236.349
348,347,86.800,323.285,236.503
349,348,86.800,322.940,236.387
350,349,87.600,322.517,236.464
351,350,88.000,322.287,236.157
352,351,88.800,321.788,236.042
353,352,89.600,321.519,235.888
354,353,90.400,321.135,235.850
355,354,91.200,320.367,235.773
356,355,91.600,319.945,235.927
357,356,92.800,318.946,235.811
358,357,93.200,318.562,235.696
359,358,93.600,318.332,235.850
360,359,94.000,317.910,235.811
361,360,94.800,317.564,235.773
362,361,95.600,316.873,235.965
363,362,96.800,316.182,236.234
364,363,97.200,315.682,236.311
365,364,98.000,315.068,236.387
366,365,98.400,314.799,236.387
367,366,99.200,314.415,236.387
368,367,100.000,313.993,236.080
369,368,101.200,313.340,236.195
370,369,102.400,312.687,236.003
371,370,104.400,311.535,235.888
372,371,105.200,310.806,235.927
373,372,105.600,310.575,235.811
374,373,107.200,309.692,235.696
375,373,105.600,310.537,236.503
376,375,105.600,310.498,237.770
377,376,105.200,310.383,238.768
378,377,104.800,310.345,239.997
379,378,104.800,310.114,242.186
380,379,104.800,309.615,244.067
381,380,104.800,309.462,245.066
382,381,104.800,309.193,245.872
383,382,104.800,308.770,246.602
384,383,104.800,308.694,247.485
385,384,104.800,308.194,248.368
386,385,104.400,307.887,249.520
387,386,104.800,307.618,249.942
388,6,73.600,338.069,250.864
389,388,73.600,338.760,251.517
390,389,73.600,339.221,252.323
391,390,73.600,339.836,253.130
392,391,73.600,340.488,254.013
393,392,73.600,341.256,254.435
394,393,73.600,342.485,254.742
395,394,73.200,343.023,254.896
396,395,73.200,343.445,254.550
397,396,73.200,343.522,253.782
398,397,73.200,343.599,253.130
399,398,73.600,343.868,252.938
400,399,73.600,343.752,252.438
401,400,73.200,343.445,251.939
402,401,72.800,343.906,251.363
403,402,72.400,344.136,251.018
404,403,71.600,344.520,250.557
405,404,70.400,344.828,249.866
406,405,70.000,345.020,249.213
407,406,69.200,345.096,248.790
408,405,70.400,345.365,249.866
409,5,74.000,337.762,252.554
410,409,74.400,337.493,253.283
411,410,74.800,337.263,254.166
412,411,75.200,337.071,254.819
413,412,75.600,336.840,255.395
414,413,76.000,336.572,256.317
415,414,76.000,336.341,257.085
416,415,76.000,336.264,257.699
417,416,76.000,336.956,258.697
418,417,76.000,337.493,259.504
419,1,74.800,338.722,255.741
420,419,74.800,338.415,255.933
421,420,74.800,337.340,255.894
422,421,75.200,336.188,255.971
423,422,75.600,335.689,256.086
424,409,74.000,338.146,252.131
425,424,74.000,338.876,251.901
426,425,74.000,339.336,251.901
427,426,74.000,339.759,252.323
428,427,74.000,340.834,251.862
429,428,74.000,341.794,251.978
430,429,74.000,342.562,252.208
431,430,74.000,343.100,252.400
432,431,74.000,343.560,252.400
433,428,74.000,341.295,252.246
434,433,74.000,341.832,252.515
435,434,74.000,342.332,252.938
436,435,74.000,342.754,253.014
437,436,74.400,343.292,253.130
438,437,74.400,344.175,252.784
439,437,74.400,343.522,253.437
440,439,74.400,343.868,254.013
441,440,74.400,344.290,253.974
442,441,74.400,344.943,254.243
443,442,74.400,345.442,254.013
444,443,74.400,345.826,253.898
445,444,74.800,346.402,253.821
446,444,75.200,345.596,254.358
447,446,75.600,345.404,254.666
448,447,76.400,345.327,254.474
449,1,73.600,338.991,254.666
450,449,73.600,338.952,254.051
451,450,73.200,339.144,253.629
452,451,73.200,339.413,253.130
453,452,73.200,339.951,252.554
454,453,72.800,340.565,252.246
455,454,72.400,341.026,252.093
456,455,72.400,341.410,252.016
457,456,72.000,341.640,251.632
458,6,74.800,337.416,251.824
459,458,75.200,337.071,252.861
460,459,75.200,336.879,254.013
461,460,75.600,336.687,255.165
462,461,75.600,336.648,255.933
463,1,74.400,339.644,256.586
464,463,74.800,339.144,257.546
465,464,75.200,338.722,257.968
466,465,75.600,338.338,258.083
467,466,76.000,337.570,258.275
468,467,76.000,337.186,258.083
469,468,76.400,337.455,257.392
470,469,76.400,337.493,256.432
471,470,76.400,337.263,255.856
472,471,76.400,336.917,255.702
473,468,77.200,336.264,258.045
474,473,77.600,335.727,258.160
475,474,78.400,334.805,257.738
476,475,78.800,334.268,257.507
477,476,79.200,333.730,256.854
478,477,79.200,332.809,256.893
479,478,79.600,331.964,256.278
480,479,79.600,331.541,255.510
481,480,79.600,331.311,255.088
482,481,79.600,331.157,254.358
483,1,74.800,339.106,254.896
484,483,74.800,338.991,253.629
485,484,74.800,338.415,251.670
486,485,74.800,338.146,250.595
487,468,77.600,337.109,258.544
488,487,78.400,336.725,258.928
489,488,78.800,336.264,259.657
490,489,78.800,336.111,260.157
491,490,79.200,335.573,261.001
492,491,79.600,334.882,260.886
493,492,80.000,334.383,260.809
494,493,81.200,333.999,260.579
495,494,81.600,333.577,260.464
496,495,82.000,333.346,260.157
497,496,82.800,333.154,260.041
498,497,83.200,332.271,260.041
499,498,83.600,331.772,259.926
500,499,84.000,331.618,259.811
501,500,84.400,330.927,259.773
502,472,76.400,336.610,255.894
503,502,77.600,336.456,257.238
504,503,78.400,336.264,257.315
505,504,78.800,336.188,257.661
506,505,79.200,336.188,258.160
507,506,79.600,336.149,258.582
508,507,80.000,336.072,259.235
509,503,78.400,336.111,257.123
510,509,78.400,335.804,257.200
511,510,78.800,335.228,257.546
512,511,79.200,334.959,257.661
513,512,79.600,334.575,258.121
514,513,80.000,333.999,258.352
515,514,80.400,333.807,258.851
516,515,80.800,333.231,259.465
517,516,81.200,333.077,259.773
518,517,81.200,332.885,260.349
519,508,80.800,336.149,259.619
520,519,80.800,335.919,259.965
521,520,80.800,335.919,260.387
522,521,81.600,335.573,260.848
523,522,82.000,335.458,261.309
524,523,82.800,335.189,261.693
525,524,83.200,335.036,262.230
526,525,83.600,334.844,262.729
527,526,84.400,334.613,263.075
528,527,84.800,334.268,263.190
529,528,85.200,333.807,263.229
530,529,85.600,333.385,263.113
531,530,86.400,332.809,263.382
532,531,86.800,332.194,263.651
533,532,86.800,331.849,263.382
534,533,87.600,331.580,263.075
535,534,88.400,331.196,263.037
536,535,89.200,331.081,262.960
537,536,89.200,330.927,263.190
538,537,90.400,330.697,263.075
539,538,91.200,330.543,262.883
540,539,91.600,330.543,262.576
541,540,91.600,330.466,262.307
542,541,91.600,331.042,262.230
543,542,91.600,331.196,261.923
544,543,91.600,331.234,261.309
545,544,91.600,331.196,261.155
546,545,92.000,331.772,261.155
547,546,91.600,332.233,261.385
548,547,91.600,332.693,261.347
549,548,91.600,333.269,261.654
550,549,91.600,333.653,261.577
551,550,92.800,333.577,261.501
552,551,93.200,334.153,261.309
553,552,93.200,334.690,261.193
554,553,93.200,334.997,261.347
555,554,93.200,335.189,261.270
556,470,76.800,337.685,256.816
557,556,77.200,337.608,257.315
558,557,77.600,337.608,257.853
559,558,78.400,337.570,258.313
560,559,78.800,337.800,258.736
561,560,79.600,337.992,259.197
562,561,80.000,338.069,259.581
563,562,80.400,338.146,259.926
564,563,80.400,338.261,260.233
565,564,81.200,338.300,260.541
566,565,81.200,338.568,260.809
567,518,81.600,332.386,260.387
568,567,82.000,331.964,260.272
569,568,82.000,331.465,260.233
570,569,82.400,331.311,260.080
571,570,82.800,330.658,259.581
572,571,83.200,330.389,259.427
573,572,83.200,329.737,259.312
574,573,83.200,329.429,259.542
575,574,83.200,328.700,259.734
576,575,82.800,328.201,260.195
577,576,82.800,327.509,260.733
578,577,82.400,327.164,260.809
579,578,82.400,326.780,261.040
580,579,81.600,326.511,261.001
581,580,81.600,326.127,261.309
582,581,81.600,325.781,262.307
583,582,81.600,325.205,262.192
584,521,81.200,335.765,260.080
585,584,81.600,335.650,259.926
586,585,81.600,335.804,259.504
587,586,81.600,335.113,258.928
588,587,82.000,334.652,258.697
589,588,82.800,334.345,258.889
590,589,82.800,333.999,258.774
591,590,83.600,333.692,258.774
592,591,84.400,333.346,258.813
593,592,84.400,333.077,258.697
594,593,84.800,332.693,258.928
595,594,84.800,332.156,258.928
596,595,84.800,331.541,259.427
597,596,85.200,330.812,259.888
598,597,85.600,330.082,260.080
599,597,84.800,330.505,259.734
600,599,84.800,329.967,259.619
601,600,84.800,329.391,259.465
602,601,84.400,329.353,259.273
603,602,83.600,329.122,259.120
604,603,83.600,328.892,258.774
605,604,83.200,328.585,258.736
606,605,83.200,328.124,258.313
607,606,82.800,328.546,258.237
608,607,82.000,328.469,258.160
609,608,81.600,328.354,258.467
610,609,81.600,328.777,258.851
611,610,81.200,328.661,259.120
612,611,80.800,328.930,259.120
613,612,80.000,329.314,259.542
614,613,79.600,329.161,259.465
615,614,79.600,329.084,259.734
616,458,74.000,337.148,251.824
617,616,74.000,336.994,252.400
618,617,73.600,336.879,252.938
619,618,73.200,336.495,253.322
620,619,72.400,335.689,254.090
621,620,71.600,335.612,254.742
622,621,71.600,335.113,255.088
623,622,71.200,334.921,255.395
624,623,70.800,334.690,255.856
625,624,70.400,334.383,256.893
626,625,69.600,334.229,257.238
627,626,69.600,334.421,257.738
628,627,69.200,334.229,258.045
629,628,69.200,333.845,258.160
630,629,68.400,333.884,258.774
631,630,67.600,333.577,259.120
632,631,67.200,333.231,259.696
633,632,67.200,332.271,259.811
634,633,67.200,331.849,259.657
635,634,67.200,330.927,260.195
636,635,67.200,330.505,260.118
637,636,67.200,330.082,260.310
638,637,66.800,329.314,260.809
639,638,66.800,328.700,260.809
640,639,66.800,328.124,261.117
641,640,66.800,327.740,261.462
642,641,66.800,327.125,261.731
643,642,66.800,326.511,261.923
644,643,66.800,326.204,262.230
645,644,66.800,325.474,262.422
646,645,66.400,324.937,262.614
647,646,66.400,324.476,262.845
648,647,66.400,323.785,262.998
649,648,66.400,323.362,263.037
650,649,65.600,322.901,262.614
651,650,65.600,323.708,261.001
652,651,65.200,324.169,260.886
653,1,74.400,339.106,255.971
654,653,74.400,338.146,257.123
655,654,74.400,337.532,257.392
656,655,74.800,336.802,258.275
657,656,75.200,335.420,258.544
658,1,73.200,338.607,256.048
659,658,73.200,337.954,256.240
660,659,73.200,337.493,256.739
661,660,73.200,337.301,256.931
662,661,73.200,337.340,257.661
663,662,73.200,337.032,258.045
664,663,73.200,336.802,258.505
665,664,73.200,336.418,258.736
666,665,73.200,336.380,259.235
667,659,72.800,337.647,256.509
668,667,72.800,337.071,256.893
669,668,72.400,336.879,257.162
670,669,72.000,336.188,257.277
671,670,72.000,335.612,257.469
672,671,72.000,335.305,257.699
673,672,72.000,334.959,257.661
674,673,72.000,334.345,257.738
675,674,72.000,333.961,257.891
676,675,72.000,333.922,258.544
677,676,72.000,333.884,259.120
678,673,71.600,334.690,258.006
679,678,71.600,334.345,257.929
680,679,71.600,333.807,257.738
681,680,71.600,333.193,257.430
682,681,71.600,332.885,257.354
683,678,71.600,334.575,258.352
684,683,71.600,334.613,258.851
685,684,71.600,334.383,259.312
686,685,72.000,334.229,259.542
687,686,72.000,334.037,259.811
688,687,71.600,334.268,260.272
689,688,71.200,334.383,260.656
690,689,71.200,334.921,261.078
691,690,71.200,335.343,261.309
692,691,70.400,335.842,261.577
693,692,70.400,335.727,261.846
694,688,71.200,334.037,260.425
695,694,70.800,333.845,260.387
696,695,70.000,333.845,260.541
697,696,69.200,333.730,261.193
698,687,72.800,333.692,259.504
699,698,72.800,333.461,259.888
700,699,72.800,333.269,260.963
701,700,72.800,333.461,261.501
702,701,72.800,334.153,262.000
703,698,72.800,333.308,259.350
704,703,72.800,332.962,259.312
705,704,73.200,332.655,259.235
706,705,73.600,331.887,259.657
707,706,74.000,331.541,260.003
708,707,74.400,331.465,260.349
709,708,74.800,331.849,260.771
710,709,75.200,332.002,261.232
711,706,73.600,331.388,259.581
712,682,71.200,332.386,257.238
713,712,71.200,331.887,257.046
714,713,70.800,331.503,256.970
715,714,70.000,331.234,256.854
716,715,69.600,330.735,257.085
717,716,69.600,329.506,257.315
718,717,69.200,329.737,257.738
719,718,68.800,330.044,258.198
720,719,68.800,330.313,258.544
721,720,68.400,330.428,258.889
722,721,68.000,330.773,259.158
723,722,68.000,330.850,259.504
724,723,68.000,330.428,259.465
725,724,67.600,330.044,259.542
726,725,67.200,330.197,259.005
727,726,66.400,330.121,258.544
728,727,66.400,330.121,257.929
729,728,66.000,330.505,257.622
730,729,66.000,330.735,257.008
731,730,65.600,331.465,256.778
732,731,65.200,332.501,256.662
733,732,64.800,333.231,255.741
734,733,64.800,334.037,255.395
735,734,64.400,334.882,254.435
736,735,63.600,335.189,253.706
737,736,62.800,335.650,253.053
738,737,62.800,336.149,253.014
739,738,62.400,336.648,253.552
740,739,62.400,337.416,253.859
741,740,61.600,337.493,254.205
742,741,61.600,337.109,254.243
743,742,61.600,337.148,254.474
744,743,61.200,336.917,254.666
745,744,61.200,336.840,255.088
746,745,61.200,336.917,255.472
747,746,61.200,336.802,255.741
748,747,61.200,336.226,256.048
749,748,60.800,336.418,256.394
750,715,69.600,331.503,256.893
751,750,69.600,332.117,257.315
752,751,69.600,332.693,257.661
753,752,69.600,334.191,258.198
754,753,69.600,334.997,258.429
755,754,70.000,335.650,258.582
756,755,70.000,335.535,258.275
757,756,70.400,336.380,258.697
758,329,77.600,333.845,237.463
759,758,77.600,333.845,236.925
760,759,78.400,333.769,236.579
761,760,78.400,333.769,235.811
762,761,78.800,333.730,235.082
763,762,79.200,333.807,234.544
764,763,79.200,333.538,234.352
765,764,79.600,333.538,233.738
766,765,79.600,333.154,233.277
767,766,80.000,332.732,232.663
768,767,80.800,332.770,232.509
769,768,80.800,332.962,232.202
770,769,80.800,332.770,232.048
771,770,80.800,332.386,231.856
772,771,81.600,332.079,230.781
773,772,81.600,332.156,230.167
774,773,82.400,332.117,230.013
775,774,83.200,332.348,230.243
776,775,84.000,332.194,231.165
777,776,84.800,332.271,231.395
778,777,86.000,331.964,231.933
779,778,86.800,331.349,232.816
780,779,87.200,330.735,233.354
781,780,87.600,330.274,233.738
782,781,88.000,329.929,234.199
783,782,88.800,329.545,234.659
784,783,89.200,328.930,235.120
785,784,90.000,328.316,235.888
786,785,90.800,327.625,236.311
787,786,91.600,326.665,236.848
788,787,92.000,325.820,237.271
789,788,92.400,325.397,237.770
790,789,92.800,324.821,238.039
791,790,93.600,324.015,238.346
792,791,94.000,323.362,238.576
793,792,94.800,322.633,238.999
794,793,96.400,322.018,239.421
795,794,96.800,321.557,239.690
796,795,98.000,320.905,240.189
797,796,98.800,320.559,240.419
798,797,99.200,320.175,240.688
799,798,100.000,319.599,241.111
800,799,100.800,319.177,241.533
801,800,101.600,318.562,241.840
802,801,102.000,318.217,242.800
803,802,102.800,318.063,243.184
804,803,103.200,317.679,243.606
805,804,103.600,317.295,243.875
806,805,104.400,317.026,244.106
807,806,105.200,316.681,244.490
808,807,105.200,316.642,245.142
809,808,105.600,316.258,245.603
810,809,106.000,315.951,246.064
811,810,106.800,315.759,246.486
812,811,107.600,315.452,246.947
813,812,108.400,315.375,247.562
814,813,108.800,315.183,247.984
815,814,109.200,315.644,248.099
816,815,110.000,315.529,248.445
817,816,110.000,315.836,248.675
818,817,110.800,315.375,248.906
819,818,111.600,315.260,249.712
820,819,112.800,315.337,250.326
821,820,112.800,315.836,251.402
822,821,113.200,315.798,252.477
823,822,113.200,316.028,253.552
824,823,113.600,315.913,254.090
825,824,113.600,316.489,255.664
826,825,113.600,316.374,256.586
827,826,114.000,316.604,257.085
828,827,114.000,316.450,257.277
829,828,114.000,316.258,257.507
830,829,114.000,315.606,257.507
831,830,114.000,315.759,257.315
832,831,114.400,315.337,257.469
833,832,114.800,314.953,257.507
834,833,115.200,314.185,257.430
835,834,114.800,313.801,257.929
836,835,114.400,313.762,258.237
837,836,114.400,314.031,258.659
838,837,113.200,314.146,259.197
839,838,112.800,314.415,259.965
840,839,112.400,314.876,260.809
841,833,115.600,314.684,257.546
842,841,116.000,314.914,258.313
843,842,116.000,314.953,258.966
844,843,116.400,314.953,259.773
845,844,116.400,315.606,259.888
846,845,116.400,315.990,260.157
847,844,116.800,314.914,260.349
848,847,117.200,314.876,261.001
849,848,117.200,314.799,261.347
850,849,117.200,314.646,261.846
851,850,117.600,314.530,262.461
852,851,117.600,314.185,262.537
853,852,118.000,313.724,262.000
854,853,118.000,313.455,262.038
855,854,118.000,313.186,261.808
856,846,116.000,316.105,260.617
857,856,115.600,316.642,260.963
858,857,115.600,316.988,261.193
859,858,115.600,317.295,261.539
860,859,114.800,317.334,261.808
861,860,114.800,317.602,262.077
862,861,115.200,318.140,262.230
863,862,115.600,318.178,262.499
864,863,116.000,318.255,262.729
865,864,116.400,318.562,262.768
866,865,116.400,319.215,262.845
867,864,116.400,318.140,262.921
868,826,113.200,316.834,257.277
869,868,113.200,316.988,258.006
870,869,113.200,317.334,258.966
871,870,113.200,317.871,258.928
872,871,113.200,318.332,259.081
873,872,113.200,318.716,259.657
874,873,113.200,319.062,259.965
875,874,113.200,319.407,260.771
876,875,113.200,319.446,261.309
877,876,113.200,320.098,262.038
878,870,113.200,317.218,259.197
879,878,113.200,317.180,259.965
880,879,113.200,317.026,260.195
881,880,113.200,317.065,260.579
882,880,113.200,316.719,260.233
883,882,113.200,316.412,260.233
884,883,113.200,316.220,260.387
885,884,112.800,315.874,260.233
886,885,112.400,315.298,260.003
887,886,112.000,314.991,259.849
888,887,112.000,314.876,259.657
889,888,111.600,314.838,259.581
890,889,111.200,314.300,259.389
891,890,110.800,313.954,259.389
892,891,110.400,313.532,259.120
893,892,110.000,313.302,258.851
894,893,110.000,312.956,259.043
895,894,109.600,312.610,259.312
896,895,109.200,311.996,259.657
897,896,108.400,311.919,259.773
898,897,108.000,311.804,260.157
899,898,108.000,311.612,260.502
900,899,107.600,311.458,260.656
901,900,107.600,311.228,260.886
902,901,107.600,310.921,260.886
903,902,107.600,310.690,260.925
904,903,107.600,310.575,261.270
905,900,107.200,311.689,260.963
906,905,107.200,312.034,261.731
907,906,107.600,312.073,261.961
908,907,107.200,312.226,262.192
909,908,106.800,312.073,262.537
910,909,106.800,312.073,262.845
911,901,107.200,310.652,261.539
912,911,107.200,310.422,262.000
913,912,107.200,309.999,262.422
914,913,107.200,309.961,262.729
915,914,107.200,309.846,262.806
916,900,107.600,311.458,260.656
917,900,107.600,311.842,260.733
918,917,107.200,312.226,260.848
919,918,107.200,312.649,260.809
920,919,107.600,312.802,260.617
921,920,107.600,313.186,260.541
922,921,108.400,313.186,260.349
923,922,108.400,313.609,260.349
924,923,108.800,313.954,260.579
925,924,109.200,314.300,260.349
926,925,109.600,314.838,260.041
927,926,110.000,315.030,259.926
928,927,110.800,315.298,260.003
929,840,111.600,315.145,261.232
930,929,111.200,315.145,262.000
931,930,110.800,315.375,262.768
932,931,110.800,315.644,263.651
933,932,110.400,315.606,263.920
934,933,110.400,315.414,264.534
935,934,109.600,315.452,264.573
936,935,108.800,314.761,264.880
937,834,115.600,314.300,257.315
938,937,116.400,314.146,257.354
939,938,116.800,313.609,257.123
940,939,117.600,313.340,257.008
941,940,118.800,312.994,256.931
942,941,119.600,312.802,257.277
943,942,120.400,312.726,257.354
944,943,121.200,312.764,257.622
945,944,121.600,313.033,257.699
946,945,121.600,312.956,258.121
947,946,122.400,312.841,258.313
948,947,123.200,312.802,258.697
949,948,123.200,312.649,259.273
950,949,124.000,312.457,259.811
951,950,124.400,312.226,260.118
952,951,124.800,311.842,259.926
953,952,125.600,311.574,259.888
954,953,125.600,311.113,259.965
955,954,125.600,310.652,260.080
956,955,126.000,310.268,260.041
957,956,126.800,310.076,260.080
958,957,126.800,309.922,260.541
959,958,126.800,309.615,261.040
960,959,126.800,309.270,261.385
961,960,126.800,309.231,261.808
962,961,126.400,308.962,262.115
963,962,126.000,308.655,262.537
964,963,125.600,308.386,262.653
965,964,125.200,308.194,263.075
966,965,124.400,308.079,263.267
967,966,123.600,308.002,263.651
968,967,123.200,307.887,263.958
969,968,122.800,307.465,264.150
970,969,122.400,307.158,264.342
971,970,122.400,306.774,264.765
972,971,121.600,306.543,264.880
973,972,121.200,306.351,265.264
974,855,118.800,312.994,261.616
975,974,118.800,312.764,261.232
976,975,118.800,312.687,260.963
977,976,118.800,311.919,260.349
978,977,118.800,311.497,260.003
979,978,118.800,310.844,259.542
980,979,118.800,310.690,259.350
981,980,118.800,310.575,259.081
982,981,118.800,310.306,259.081
983,846,116.800,316.297,260.656
984,983,117.200,316.604,261.040
985,984,117.200,317.295,261.232
986,985,117.200,317.948,261.539
987,986,117.200,318.524,261.769
988,987,117.600,318.870,261.846
989,818,110.800,315.606,248.598
990,989,110.800,315.414,248.138
991,990,110.800,315.567,247.638
992,991,111.200,314.991,247.178
993,992,111.600,315.222,246.678
994,993,111.600,314.722,246.064
995,994,112.000,314.185,244.989
996,995,112.400,314.108,244.490
997,996,112.800,313.686,243.837
998,997,113.600,313.762,243.606
999,998,113.600,314.185,243.338
1000,999,114.400,314.377,243.184
1001,1000,115.200,314.646,243.414
1002,1001,115.200,315.183,243.530
1003,1002,115.600,315.298,243.914
1004,1003,116.000,315.260,244.182
1005,1004,116.800,314.492,244.374
1006,1005,117.600,314.223,244.413
1007,1006,118.000,313.916,244.298
1008,1007,118.800,313.878,244.566
1009,1008,119.600,313.801,244.912
1010,1009,120.400,313.954,244.835
1011,1010,120.400,314.031,245.027
1012,1011,121.200,314.185,245.296
1013,1012,122.000,314.070,245.334
1014,1013,122.400,313.878,245.488
1015,1014,123.200,313.532,245.872
1016,1015,123.600,313.340,246.141
1017,1016,124.400,313.186,246.256
1018,1017,124.800,312.956,246.294
1019,1018,124.800,312.649,246.717
1020,1019,124.800,312.188,246.947
1021,1020,124.800,311.766,247.293
1022,1021,124.800,311.113,247.754
1023,1022,124.800,310.306,247.754
1024,1023,124.400,309.692,248.099
1025,1024,124.400,309.385,248.138
1026,1025,124.400,309.001,248.445
1027,1026,124.400,308.617,248.560
1028,1027,123.600,307.849,248.829
1029,1028,123.200,307.234,249.098
1030,1029,122.800,307.081,249.520
1031,1030,122.400,306.774,250.019
1032,1031,122.400,306.351,250.442
1033,1032,121.600,305.698,251.094
1034,1033,121.200,305.353,251.709
1035,1034,121.200,304.815,252.438
1036,1035,121.200,304.239,253.168
1037,1036,121.200,303.740,253.514
1038,1037,121.200,303.663,254.397
1039,1038,121.200,303.510,254.858
1040,1039,121.200,303.126,255.626
1041,1040,121.200,302.780,256.163
1042,1041,121.200,302.627,256.624
1043,1042,121.200,302.319,257.200
1044,1043,120.800,301.897,257.853
1045,1044,120.800,302.127,258.659
1046,1045,120.800,302.012,259.043
1047,1046,120.800,301.167,259.465
1048,1047,120.800,300.860,260.080
1049,1048,120.800,300.515,260.694
1050,1049,120.800,300.323,261.270
1051,1050,120.400,300.246,261.923
1052,1051,120.400,299.900,262.307
1053,1052,120.400,300.207,263.075
1054,997,112.800,313.570,244.106
1055,1054,112.800,313.724,244.528
1056,1055,112.800,313.417,244.643
1057,1056,112.800,312.802,244.605
1058,1057,112.400,312.111,244.528
1059,1058,113.200,310.998,244.451
1060,1059,113.600,310.690,244.797
1061,1060,114.800,309.846,245.104
1062,1061,115.200,309.193,245.526
1063,1056,112.800,313.455,245.066
1064,1063,112.400,313.263,245.334
1065,1064,112.400,313.494,245.834
1066,1065,112.800,313.455,246.218
1067,1066,112.800,313.033,246.563
1068,992,112.400,314.914,247.408
1069,1068,113.200,314.722,247.254
1070,1069,114.000,314.530,247.062
1071,1070,114.800,314.415,246.986
1072,1071,114.800,314.492,246.602
1073,1072,114.800,314.262,246.218
1074,1071,114.800,314.454,247.446
1075,1074,114.800,314.530,247.638
1076,1071,116.000,314.108,247.216
1077,1076,116.800,313.570,247.178
1078,1077,117.200,313.186,247.216
1079,1078,117.600,312.495,246.794
1080,1079,118.000,311.919,246.640
1081,1080,118.400,311.574,246.602
1082,1081,118.800,310.921,246.218
1083,1082,119.200,310.460,246.026
1084,1083,120.000,310.191,245.949
1085,1084,120.400,309.538,245.872
1086,1071,115.600,314.338,246.870
1087,1086,116.800,314.300,246.794
1088,1087,117.600,314.108,246.640
1089,1088,118.400,314.031,246.602
1090,1089,119.200,313.801,246.563
1091,1090,120.000,313.762,246.448
1092,1091,120.800,313.417,246.179
1093,1092,122.000,312.956,245.949
1094,1093,122.400,312.802,245.949
1095,1094,122.800,312.073,245.795
1096,1095,122.400,311.305,245.603
1097,1096,122.400,310.921,245.526
1098,1095,122.800,311.804,245.526
1099,1098,122.000,311.766,245.334
1100,1099,121.200,311.650,245.066
1101,1100,120.400,311.689,244.874
1102,1101,119.600,311.574,244.758
1103,1102,118.400,311.343,244.490
1104,1103,117.600,311.458,244.490
1105,1104,116.800,311.574,244.490
1106,1056,113.200,312.956,245.027
1107,1106,114.000,312.649,244.874
1108,1107,114.800,312.495,244.874
1109,1108,115.600,311.958,244.566
1110,1067,113.200,312.802,246.986
1111,1110,114.000,312.342,246.986
1112,1111,114.800,312.073,247.254
1113,1112,115.600,311.497,247.869
1114,1113,116.000,311.420,248.291
1115,1062,115.600,308.886,245.795
1116,1115,115.600,307.695,246.294
1117,1116,116.000,306.889,246.755
1118,1117,116.400,306.390,247.139
1119,1118,116.400,306.774,247.830
1120,1119,116.800,306.927,248.368
1121,1120,116.800,306.121,249.136
1122,1121,117.200,305.929,249.635
1123,1122,118.000,305.698,250.096
1124,1123,118.400,305.506,250.595
1125,1124,118.800,305.314,250.864
1126,1125,119.200,304.508,251.517
1127,1126,119.200,304.086,252.131
1128,1127,119.200,303.663,252.016
1129,1128,119.600,303.471,252.170
1130,1129,120.800,302.819,252.592
1131,1130,121.600,302.627,252.630
1132,1131,121.600,302.588,253.130
1133,1132,122.000,302.358,253.322
1134,1133,122.400,302.319,253.552
1135,387,105.600,307.426,250.058
1136,1135,106.400,307.426,250.288
1137,1136,107.200,307.503,250.518
1138,1137,107.600,306.966,250.787
1139,1138,108.400,306.697,250.595
1140,1139,108.800,306.543,250.941
1141,1140,109.600,306.428,250.864
1142,1141,110.400,306.582,250.672
1143,1142,111.200,306.697,251.133
1144,1143,112.000,306.428,251.248
1145,1144,112.800,306.313,251.248
1146,1145,113.600,306.390,251.363
1147,1146,114.400,306.428,251.363
1148,1147,115.200,306.697,251.248
1149,1148,116.000,307.119,251.325
1150,1149,117.200,307.503,251.440
1151,1150,117.600,307.772,251.632
1152,1151,118.800,308.002,251.670
1153,1152,119.600,308.041,251.939
1154,1153,120.400,308.118,251.939
1155,1154,121.200,308.079,252.170
1156,1155,122.000,307.964,252.477
1157,1156,122.800,308.041,252.822
1158,1157,123.200,307.964,253.206
1159,1158,124.000,308.348,253.590
1160,1134,122.800,302.319,253.974
1161,1160,124.400,302.358,254.819
1162,1161,125.200,302.358,255.472
1163,1162,125.600,302.358,255.894
1164,1163,126.000,302.473,257.008
1165,1164,126.400,302.780,258.697
1166,1165,126.800,303.011,260.041
1167,1166,126.800,303.049,260.925
1168,1167,127.200,303.433,261.731
1169,1168,127.200,303.817,262.806
1170,1169,126.800,304.086,263.881
1171,1159,125.600,308.463,255.472
1172,1171,126.000,308.386,256.317
1173,1172,126.400,308.502,257.123
1174,1173,126.800,308.310,257.853
1175,1174,127.200,308.118,258.390
1176,1175,128.000,308.002,259.043
1177,1176,128.000,308.079,259.542
1178,1177,128.000,308.386,260.118
1179,1178,128.000,308.194,260.809
1180,1179,128.800,308.002,260.848
1181,1180,128.800,306.889,261.270
1182,1181,129.200,306.735,261.731
1183,1182,128.800,306.082,262.960
1184,1183,128.400,305.890,263.613
1185,1184,127.600,305.468,263.920
1186,1185,127.600,305.314,264.688
1187,1186,127.200,305.084,265.033
1188,1187,127.200,305.046,265.533
1189,1188,127.200,304.815,265.917
1190,1189,126.400,304.623,266.301
1191,1190,125.600,304.239,266.838
1192,1191,125.600,303.740,267.145
1193,1172,126.000,306.082,256.547
1194,1193,125.600,306.159,257.162
1195,1194,124.800,306.159,258.851
1196,1195,124.800,305.967,259.965
1197,1193,126.800,306.658,257.622
1198,1197,126.800,307.388,258.505
1199,1198,126.800,307.695,259.197
1200,1199,126.400,307.695,259.696
1201,1200,126.400,308.348,260.272
1202,1201,126.400,308.578,260.886
1203,1202,125.600,308.847,261.193
1204,1203,124.400,309.193,261.270
1205,1204,124.400,309.961,261.309
1206,1205,123.200,310.306,261.385
1207,1206,123.200,310.998,261.616
1208,1207,123.200,311.535,262.192
1209,1208,122.400,311.305,261.923
1210,864,116.000,318.486,262.537
1211,864,117.200,318.063,262.729
1212,1211,117.600,317.833,262.499
1213,1212,117.600,317.641,262.307
1214,1213,118.000,317.257,262.192
1215,1214,118.000,316.719,262.461
1216,1215,118.000,316.143,262.729
1217,1216,118.400,315.798,262.806
1218,1217,119.200,315.414,262.729
1219,1218,119.200,314.953,262.768
1220,1219,119.600,314.684,262.499
1221,1220,119.600,314.492,262.499
1222,1221,120.000,314.146,262.422
1223,1222,120.800,313.378,262.230
1224,1223,121.200,312.726,262.269
1225,1224,121.600,312.342,262.192
1226,844,117.200,315.068,260.003
1227,1226,118.000,315.414,260.118
1228,1227,119.200,315.529,260.195
1229,1228,120.400,315.721,260.579
1230,1229,120.400,316.105,260.925
1231,1230,120.800,316.335,261.040
1232,1231,122.000,316.796,261.232
1233,1232,122.000,316.566,261.577
1234,1233,122.800,316.834,261.539
1235,1234,123.200,317.180,261.501
1236,1235,123.600,317.257,261.385
1237,1236,124.400,317.410,261.040
1238,1237,124.800,317.449,260.733
1239,1238,125.200,317.334,260.464
1240,988,118.000,319.292,261.731
1241,1240,118.000,319.714,262.115
1242,1240,118.000,319.292,261.347
1243,1241,118.000,320.367,262.153
1244,1243,118.800,321.250,262.153
1245,1244,119.200,321.442,261.885
1246,973,120.400,306.121,265.533
1247,1246,119.600,305.929,265.917
1248,1247,119.200,305.660,265.878
1249,1248,118.400,305.430,265.840
1250,1249,117.600,305.046,265.993
1251,1250,116.800,304.815,266.147
1252,1251,116.400,304.393,266.070
1253,17,74.800,334.690,238.154
1254,1253,74.800,335.381,238.423
1255,1254,74.000,335.458,238.384
1256,1255,73.600,335.343,239.267
1257,1256,72.800,334.997,239.767
1258,1257,72.400,334.805,240.266
1259,1258,72.000,334.575,240.611
1260,1259,71.600,334.767,240.995
1261,1260,71.600,334.421,241.610
1262,1261,70.800,334.229,242.186
1263,1262,70.800,333.577,242.800
1264,1263,70.000,333.538,242.992
1265,1264,69.600,332.885,242.877
1266,1265,69.600,332.578,242.954
1267,1266,69.600,332.002,242.915
1268,1267,69.600,331.426,243.222
1269,1268,69.200,331.004,243.491
1270,1269,69.200,330.236,243.914
1271,1270,69.200,330.313,243.184
1272,1271,69.200,330.351,242.800
1273,1272,69.200,330.812,242.339
1274,1273,69.200,331.234,242.378
1275,1274,69.600,331.580,241.840
1276,1275,69.600,331.964,241.571
1277,1276,69.200,332.194,240.957
1278,1277,68.800,332.041,240.573
1279,1278,68.800,331.964,239.767
1280,23,72.800,334.345,235.005
1281,1280,72.000,334.652,235.389
1282,1281,70.800,334.921,235.735
1283,1282,70.400,335.497,235.888
1284,1283,69.600,335.535,235.927
1285,1284,69.200,335.919,236.503
1286,1285,68.400,336.034,236.656
1287,1286,67.600,336.341,237.002
1288,1287,67.200,336.495,237.424
1289,1288,66.800,336.840,237.808
1290,1289,66.800,336.610,238.346
1291,1290,66.800,336.226,238.499
1292,1291,66.800,336.303,239.152
1293,1292,66.800,335.919,239.651
1294,1293,66.800,335.458,239.959
1295,1294,66.800,334.345,241.303
1296,1287,66.400,336.418,237.578
1297,1296,65.600,336.572,237.616
1298,1297,64.800,336.687,237.962
1299,1298,64.800,336.840,238.499
1300,1299,64.400,336.725,238.845
1301,1295,66.800,333.961,241.687
1302,1301,67.200,333.653,241.879
1303,1302,67.200,333.346,242.032
1304,1303,68.000,333.077,242.339
1305,1304,68.400,332.693,242.685
1306,1305,69.200,332.156,243.222
1307,1275,70.000,331.503,242.262
1308,1307,70.400,331.426,242.493
1309,1308,70.800,331.234,242.723
1310,1309,71.200,330.965,242.954
1311,1310,71.600,330.735,242.954
1312,1311,72.000,330.505,243.107
1313,1312,72.400,330.274,243.146
1314,1313,72.800,329.698,243.414
1315,1314,73.200,329.813,243.606
1316,1306,68.800,331.657,243.453
1317,1316,68.400,331.119,243.722
1318,1317,68.400,330.543,244.067
1319,1318,68.400,330.274,244.451
1320,1319,68.000,329.698,244.682
1321,1320,67.600,328.623,244.797
1322,1321,67.200,327.893,244.912
1323,1322,67.200,327.471,245.219
1324,1323,67.200,326.857,245.258
1325,1324,66.800,326.626,245.334
1326,1325,66.800,325.205,246.026
1327,1326,66.800,324.668,245.949
1328,1327,66.800,324.284,246.371
1329,1328,66.800,323.861,246.525
1330,1329,66.800,323.593,246.870
1331,1330,66.800,323.055,246.947
1332,1331,66.800,322.633,247.408
1333,1332,67.200,322.249,247.485
1334,1333,67.600,321.941,247.446
1335,1334,67.600,321.673,247.677
1336,1335,68.000,321.404,247.638
1337,1336,68.000,321.020,248.368
1338,1337,68.800,320.866,248.330
1339,1302,66.800,333.653,241.763
1340,1339,66.800,333.807,241.610
1341,1340,66.800,333.577,241.379
1342,1341,66.800,333.500,241.149
1343,1342,66.800,333.193,241.226
1344,1343,66.800,332.885,240.919
1345,1344,67.200,333.001,240.727
1346,1345,67.200,332.617,240.343
1347,1346,67.600,332.501,240.112
1348,1347,68.000,332.079,239.997
1349,1348,68.000,331.772,239.767
1350,1278,68.800,332.463,240.535
1351,20,73.600,334.191,236.003
1352,1351,73.600,334.844,236.042
1353,1352,73.200,335.420,236.234
1354,1353,73.200,335.919,236.426
1355,1354,72.800,336.341,236.387
1356,1355,72.400,336.725,236.464
1357,1356,72.400,336.956,236.618
1358,1356,72.000,336.994,236.464
1359,1358,72.000,337.301,236.579
1360,1359,71.600,337.455,237.079
1361,1360,71.600,337.263,237.309
1362,1361,71.600,337.301,237.539
1363,1362,71.600,336.648,238.384
1364,1363,71.600,335.842,239.728
1365,1364,71.600,334.882,239.613
1366,1365,71.200,334.613,239.459
1367,1366,71.200,334.421,238.922
1368,1366,70.800,334.191,239.613
1369,1368,70.800,333.385,239.882
1370,1369,70.400,333.116,239.767
1371,1370,70.400,332.847,239.805
1372,1371,70.000,332.578,239.805
1373,1372,69.600,332.194,239.920
1374,328,77.600,334.421,239.075
1375,1374,78.400,334.613,239.152
1376,1375,79.200,334.805,239.344
1377,1376,80.000,334.652,239.651
1378,1377,80.800,334.613,239.805
1379,1378,81.600,334.460,240.112
1380,1379,82.400,334.383,240.151
1381,1380,83.200,333.845,240.381
1382,1381,84.000,333.577,240.496
1383,1382,84.800,333.538,240.496
1384,1383,85.600,333.308,240.227
1385,1384,85.600,332.924,240.496
1386,1385,86.400,332.425,240.535
1387,1386,86.800,332.156,240.650
1388,1387,87.200,331.849,240.650
1389,1388,88.000,331.695,240.765
1390,1389,88.000,331.810,240.995
1391,1390,88.000,331.004,241.648
1392,1391,88.800,330.850,241.994
1393,1392,89.600,330.697,242.186
1394,1393,89.600,330.428,242.339
1395,1394,90.400,330.274,242.186
1396,1395,90.800,330.351,241.725
1397,1395,90.400,329.967,242.454
1398,1389,88.000,331.426,240.650
1399,1398,88.400,331.273,240.381
1400,1399,88.800,331.234,240.151
1401,1400,88.800,331.618,240.074
1402,1401,88.800,331.772,239.767
1403,1402,88.800,331.580,239.536
1404,1389,88.400,331.465,240.880
1405,1404,89.200,331.234,240.957
1406,1405,90.000,330.812,240.919
1407,1406,90.800,330.428,240.919
1408,1407,91.200,330.236,240.880
1409,1408,91.200,329.890,240.995
1410,1409,91.200,329.621,240.803
1411,1410,91.200,329.045,240.765
1412,1411,91.200,328.277,240.803
1413,1412,91.200,327.509,240.880
1414,1413,91.200,326.933,240.727
1415,1414,91.200,326.319,241.072
1416,1408,91.600,329.967,240.803
1417,1416,92.000,329.813,240.611
1418,1417,92.800,329.813,240.765
1419,1418,93.200,329.506,240.727
1420,1419,93.600,329.237,240.496
1421,1420,94.400,329.314,240.535
1422,1421,94.800,329.045,240.381
1423,1422,95.600,329.084,240.151
1424,1423,96.000,328.853,240.074
1425,1424,96.800,328.623,239.959
1426,1425,97.200,328.469,239.690
1427,1426,98.000,328.239,239.498
1428,1427,99.200,327.970,239.383
1429,1428,99.600,327.817,239.152
1430,1429,100.800,327.548,238.999
1431,1430,101.600,326.972,238.653
1432,1431,102.000,326.741,238.423
1433,1432,102.800,326.588,238.307
1434,1433,103.200,326.281,238.000
1435,1434,104.000,326.012,237.770
1436,1435,104.800,325.628,237.655
1437,1436,105.200,325.052,237.463
1438,1437,105.600,324.860,237.347
1439,1438,106.400,324.476,237.271
1440,1439,107.600,323.938,237.079
1441,1440,108.800,323.324,236.695
1442,1441,109.200,323.093,236.579
1443,1442,110.000,322.863,236.541
1444,1443,110.400,322.441,236.387
1445,1444,111.200,322.325,236.195
1446,1445,112.000,321.749,236.003
1447,1446,113.200,321.327,235.965
1448,1447,114.000,320.636,235.850
1449,1448,116.400,319.292,235.543
1450,1449,117.600,318.754,235.466
1451,1450,118.800,318.332,235.427
1452,1451,119.200,318.178,235.466
1453,1452,119.600,317.718,235.581
1454,1453,120.400,317.372,235.619
1455,1454,121.200,316.873,235.543
1456,1455,122.400,316.143,235.696
1457,1456,123.200,315.990,235.696
1458,1457,125.600,313.378,235.965
1459,1458,126.400,312.802,235.965
1460,1459,127.200,312.150,236.080
1461,1460,128.000,311.420,236.080
1462,1461,130.000,309.999,236.349
1463,1462,130.800,309.346,236.387
1464,1463,131.600,308.463,236.464
1465,1464,132.800,308.002,236.541
1466,1465,134.400,306.850,236.963
1467,1466,135.200,306.044,237.155
1468,1467,136.000,305.852,237.271
1469,1468,136.800,305.199,237.463
1470,1469,137.200,304.854,237.424
1471,1470,138.800,303.855,237.770
1472,1471,139.600,303.318,238.000
1473,1472,140.800,302.972,238.269
1474,1473,142.000,302.358,238.461
1475,1474,143.200,301.897,238.768
1476,1475,143.600,301.359,238.845
1477,1476,143.200,300.515,239.114
1478,1095,123.600,312.111,246.218
1479,1478,124.000,312.457,247.216
1480,1479,124.800,312.380,247.216
1481,1480,124.800,313.110,246.986
1482,1481,125.200,313.609,246.294
1483,1482,125.600,313.686,245.296
1484,1483,126.000,314.108,244.797
1485,1097,123.200,310.959,244.912
1486,1485,124.400,311.343,244.221
1487,1486,125.200,311.382,243.606
1488,1487,125.200,311.766,243.184
1489,1485,123.600,310.268,245.027
1490,1489,124.400,310.460,245.104
1491,1490,125.200,310.806,245.066
1492,1491,126.000,311.036,245.181
1493,1492,126.000,311.881,245.834
1494,1493,126.800,312.073,245.949
1495,1494,128.000,311.804,246.294
1496,1495,128.400,311.574,246.640
1497,1496,129.200,310.998,247.331
1498,1497,130.000,310.345,247.830
1499,1477,145.200,299.785,240.381
1500,1499,146.800,299.823,240.343
1501,1500,147.200,299.324,240.151
1502,1501,147.600,299.631,239.575
1503,1477,143.600,299.747,240.189
1504,1503,143.600,300.361,241.072
1505,1504,144.000,300.860,241.533
1506,1505,144.800,301.091,241.687
1507,1504,142.400,300.975,241.725
1508,1507,142.400,301.436,242.224
1509,1508,142.400,301.782,242.915
1510,1509,140.800,302.089,242.570
1511,1510,140.800,302.665,243.069
1512,1511,139.600,303.433,243.568
1513,1512,138.800,304.009,244.029
1514,1513,138.000,304.700,244.605
1515,1514,138.000,306.006,245.411
1516,1515,138.000,306.505,246.026
1517,1516,138.000,307.503,246.717
1518,1517,138.000,308.310,247.216
1519,1518,138.000,309.538,247.984
1520,1519,138.400,310.652,249.366
1521,1520,138.800,311.382,250.058
1522,1521,139.600,311.958,251.363
1523,1522,139.600,312.457,252.400
1524,1523,140.800,312.572,252.861
1525,1524,140.800,313.570,253.552
1526,1525,141.200,314.185,254.320
1527,1526,141.600,315.337,255.318
1528,1527,142.400,316.374,256.278
1529,1528,142.800,317.372,257.661
1530,1529,143.200,318.063,258.045
1531,1529,143.600,317.295,257.776
1532,1531,144.000,317.410,258.582
1533,1532,144.000,316.489,258.851
1534,1533,144.000,315.798,259.197
1535,1534,144.000,315.068,259.312
1536,1535,144.000,314.761,259.619
1537,1536,144.000,314.262,260.157
1538,1537,143.600,314.454,260.656
1539,1531,144.400,317.026,257.776
1540,1539,144.800,316.796,257.661
1541,1540,144.800,316.719,257.277
1542,1541,144.000,315.990,256.547
1543,1542,143.600,316.374,256.163
1544,1540,145.200,316.642,257.738
1545,1544,145.600,316.450,257.546
1546,1545,146.400,316.297,257.315
1547,1546,146.400,316.335,256.854
1548,1547,147.200,316.297,256.701
1549,1548,148.400,316.258,256.662
1550,1549,148.800,316.258,256.355
1551,1550,148.800,316.066,256.086
1552,1551,149.200,315.874,255.933
1553,1552,150.000,315.990,255.510
1554,1553,150.000,316.258,255.165
1555,1554,150.000,316.066,254.934
1556,1555,150.400,316.719,254.781
1557,1556,150.400,316.950,254.474
1558,1557,150.400,317.218,253.821
1559,1558,150.400,317.756,253.360
1560,1559,150.400,318.178,253.398
1561,1560,150.400,318.601,253.322
1562,1561,150.400,319.062,252.938
1563,1561,150.400,318.908,253.590
1564,1546,146.400,316.374,257.622
1565,1564,147.200,316.489,257.469
1566,1565,147.600,316.297,257.469
1567,1566,148.000,315.990,257.661
1568,1567,148.400,315.798,257.853
1569,1568,148.400,315.567,257.546
1570,1568,148.400,315.414,257.853
1571,1570,148.800,315.298,257.699
1572,1571,149.200,315.145,257.546
1573,1572,149.600,315.030,257.315
1574,1573,150.000,314.914,257.123
1575,1574,150.000,315.145,256.970
1576,1575,150.800,315.298,256.931
1577,1576,151.600,315.298,256.701
1578,1577,151.600,315.606,256.701
1579,1499,145.200,300.054,240.611
1580,1579,153.600,290.876,239.728
1581,1580,153.600,291.107,240.343
1582,1581,153.600,290.838,241.149
1583,1582,152.800,291.183,241.955
1584,1583,152.800,291.721,242.915
1585,1584,152.400,290.991,243.875
1586,1585,152.400,290.531,245.757
1587,1586,151.600,290.377,246.486
1588,1587,151.200,290.070,247.293
1589,1588,151.200,289.724,248.099
1590,1589,150.800,289.609,248.406
1591,1590,150.400,290.339,248.675
1592,1591,149.600,290.377,248.598
1593,1592,148.800,290.607,248.637
1594,1593,148.400,291.107,248.982
1595,388,72.400,338.108,251.210
1596,1595,70.800,338.568,251.632
1597,1596,70.000,339.029,251.939
1598,1597,68.400,339.298,252.093
1599,1598,66.800,339.951,252.362
1600,1599,65.600,340.412,252.362
1601,1600,64.400,340.527,252.246
1602,1601,63.200,340.988,252.784
1603,1602,62.400,341.372,253.898
1604,1603,61.200,341.794,253.859
1605,1604,60.400,342.754,254.013
1606,1605,59.200,342.831,254.166
1607,1606,58.400,342.639,253.859
1608,1607,57.200,342.754,253.053
1609,1608,55.200,342.524,252.246
1610,1609,54.000,342.831,251.939
1611,1610,53.200,341.832,251.786
1612,1611,53.200,341.218,252.054
1613,1612,52.800,340.296,251.594
1614,1613,52.800,339.759,251.133
1615,1614,52.400,339.336,251.248
1616,1615,52.400,338.991,250.480
1617,1616,52.400,338.760,250.979
1618,1617,52.400,338.415,251.171
1619,1618,52.400,337.992,251.018
1620,1619,52.400,337.762,251.210
1621,1620,52.400,337.416,251.133
1622,1621,52.400,337.032,251.517
1623,154,38.400,371.938,198.564
1624,1623,39.200,371.746,198.717
1625,147,32.800,374.779,199.025
1626,1625,33.200,374.434,198.871
1627,1626,34.400,374.011,198.794
1628,1627,35.200,373.589,198.717
1629,121,37.600,399.547,191.153
1630,1629,36.800,399.470,191.998
1631,1630,36.800,399.009,192.958
1632,1631,36.800,398.472,193.495
1633,1632,36.800,397.819,193.726
1634,1633,36.400,397.089,194.494
1635,1634,36.400,396.360,195.223
1636,1635,35.600,395.246,195.837
1637,1636,35.600,394.440,196.413
1638,1637,35.600,393.979,196.413
1639,1638,35.600,393.134,196.567
1640,1639,35.600,392.251,196.644
1641,1640,35.600,390.753,196.836
1642,1641,34.400,390.869,197.220
1643,1642,34.000,390.331,197.220
1644,1643,33.600,388.949,197.258
1645,1644,33.600,388.296,197.143
1646,1645,33.600,386.414,197.181
1647,1646,33.600,385.301,197.834
1648,1647,34.000,384.302,197.988
1649,1648,34.400,383.649,198.141
1650,1646,34.000,385.800,196.605
1651,1650,34.000,384.725,195.761
1652,157,25.200,378.158,201.559
1653,1652,25.200,377.698,201.290
1654,1653,25.600,377.122,201.098
1655,1654,26.000,376.507,200.484
1656,1655,26.000,376.123,200.215
1657,1656,26.400,376.123,199.908
1658,1656,26.800,375.778,199.946
1659,1658,26.800,374.933,199.793
1660,1659,26.800,374.510,199.601
1661,1660,27.200,374.088,199.485
1662,1661,27.600,373.666,199.409
1663,1662,28.000,373.013,199.332
1664,1663,28.000,372.514,199.485
1665,1664,28.800,371.630,199.332
1666,1665,28.800,371.323,199.178
1667,1666,28.400,371.592,198.948
1668,1667,27.200,371.822,198.794
1669,1668,26.400,371.861,198.679
1670,1669,26.000,371.746,198.602
1671,1670,25.200,371.477,198.794
1672,1671,24.000,371.669,198.525
1673,1672,23.600,371.938,198.449
1674,1673,23.200,372.206,198.487
1675,216,21.600,379.464,201.751
1676,1675,20.800,379.042,201.789
1677,1676,20.400,378.350,201.751
1678,1677,20.400,377.890,201.828
1679,181,22.400,379.234,201.213
1680,1679,22.800,378.926,200.906
1681,1680,23.600,378.734,200.868
1682,1681,24.000,378.581,200.983
1683,1682,25.200,378.504,201.060
1684,152,28.000,378.773,200.945
1685,1684,28.800,378.542,201.137
1686,153,28.800,379.042,200.599
1687,1686,28.000,379.963,200.522
1688,1687,27.600,380.539,200.791
1689,1688,26.800,381.230,201.060
1690,1689,26.400,381.922,201.175
1691,1690,25.600,382.958,201.060
1692,1691,25.600,383.457,200.945
1693,1692,25.600,383.995,201.098
1694,1693,25.200,384.725,201.021
1695,1694,24.800,385.032,201.137
1696,1695,24.800,385.877,201.060
1697,1696,24.400,386.606,201.060
1698,1697,24.400,387.336,201.213
1699,1698,24.400,388.181,200.753
1700,1699,24.000,389.525,200.522
1701,1700,24.000,390.753,200.484
1702,1701,23.600,391.521,200.522
1703,1702,23.600,392.136,200.445
1704,1703,23.600,393.096,200.407
1705,1704,23.600,394.133,200.484
1706,1705,23.200,394.785,200.522
1707,1706,23.200,395.169,200.023
1708,1707,22.800,395.477,199.293
1709,1708,22.800,395.861,199.217
1710,1709,22.400,396.897,198.948
1711,1710,22.400,398.433,198.871
1712,1711,22.400,399.662,198.333
1713,1712,22.400,400.123,198.333
1714,1713,22.400,400.891,198.218
1715,1714,22.800,402.043,198.103
1716,1715,22.800,402.811,197.988
1717,1716,22.800,403.387,197.719
1718,1717,22.800,404.193,197.489
1719,1718,22.800,404.654,197.489
1720,1719,22.800,405.883,196.989
1721,1720,23.200,405.960,196.605
1722,1721,23.200,406.881,195.991
1723,1722,23.600,407.880,195.569
1724,1723,23.600,409.416,194.647
1725,1724,24.000,409.070,194.762
1726,226,24.800,387.144,202.404
1727,1726,26.000,388.411,201.828
1728,1727,26.800,388.949,202.212
1729,1728,27.600,389.217,202.481
1730,1729,28.000,389.947,203.057
1731,1730,28.800,390.600,203.210
1732,1731,30.800,390.177,202.903
1733,1732,31.200,389.294,203.133
1734,1733,32.000,388.949,203.364
1735,1734,32.800,388.565,203.441
1736,1735,34.000,388.565,203.479
1737,1736,34.800,388.718,203.364
1738,1737,35.200,388.987,203.057
1739,1738,35.600,388.949,202.673
1740,1739,36.000,389.102,202.212
1741,1740,36.800,389.333,202.020
1742,1741,37.200,389.717,201.252
1743,1742,38.000,389.409,200.561
1744,101,36.000,403.924,189.924
1745,1744,36.400,403.387,190.039
1746,1745,36.400,401.928,190.423
1747,1745,36.400,403.502,190.308
1748,1747,36.400,403.310,190.500
1749,1748,36.000,402.273,190.654
1750,1749,36.000,401.889,190.846
1751,1750,36.400,401.736,191.153
1752,1745,36.800,403.003,189.847
1753,1752,36.800,401.889,190.039
1754,1346,67.200,333.231,239.959
1755,1754,66.800,333.423,239.690
1756,1755,66.000,333.461,239.690
1757,1756,65.200,333.538,239.728
1758,1757,64.800,333.346,239.459
1759,1758,64.800,332.885,239.498
1760,1759,64.400,332.655,239.843
1761,1760,64.400,332.041,240.227
1762,1761,64.400,331.695,240.458
1763,1762,64.400,331.311,240.650
1764,1763,64.400,331.119,240.304
1765,1764,64.400,331.503,240.035
1766,1763,64.800,330.658,240.458
1767,1766,65.200,330.044,240.535
1768,1767,65.600,329.813,240.535
1769,1768,66.000,329.353,240.381
1770,1769,67.200,329.007,240.419
1771,1770,67.200,328.431,240.266
1772,1771,67.600,328.393,239.959
1773,269,74.800,333.423,241.111
1774,1773,74.400,333.154,241.072
1775,1774,74.000,332.540,241.187
1776,1775,73.600,332.002,241.187
1777,1776,73.200,331.004,241.149
1778,1777,72.800,330.389,240.995
1779,1778,72.400,329.545,240.995
1780,1779,71.600,329.161,240.842
1781,1780,71.200,328.393,241.034
1782,1781,70.400,327.548,241.187
1783,1782,70.400,326.741,241.303
1784,1783,69.600,326.204,241.379
1785,1784,69.200,325.359,241.533
1786,1785,68.800,325.013,241.456
1787,1786,68.800,325.628,241.303
1788,1787,68.800,325.935,241.379
1789,1788,68.800,326.473,241.111
1790,1789,68.800,327.279,240.842
1791,1790,68.800,327.663,240.419
1792,1791,68.400,328.201,239.805
1793,1792,68.000,328.431,239.459
1794,274,78.400,330.850,242.646
1795,1794,79.600,331.081,243.146
1796,1795,80.800,331.081,243.453
1797,1796,81.600,331.311,243.990
1798,1797,82.800,331.541,244.374
1799,1798,84.000,331.657,244.720
1800,1799,84.800,331.772,244.797
1801,1800,86.400,332.463,244.490
1802,1801,86.800,332.962,244.144
1803,1802,86.800,333.346,243.645
1804,1803,87.200,333.653,243.491
1805,1804,87.600,333.999,243.453
1806,1805,88.400,334.114,243.299
1807,1806,89.600,334.575,242.838
1808,1807,89.600,334.729,242.531
1809,1808,90.000,335.074,242.147
1810,1809,90.800,335.497,241.725
1811,1810,91.600,335.727,241.303
1812,1811,92.400,335.919,241.111
1813,1812,93.200,336.188,240.957
1814,1813,93.200,336.533,240.650
1815,1814,94.000,336.572,240.727
1816,1815,94.400,336.994,240.803
1817,1816,95.200,337.570,240.343
1818,1817,95.600,337.724,239.997
1819,1818,96.400,338.184,239.536
1820,1819,97.200,338.722,238.730
1821,1820,97.600,339.068,238.538
1822,1821,97.600,339.567,238.615
1823,1822,98.000,339.912,238.423
1824,1823,98.800,339.951,238.192
1825,1824,98.800,341.180,237.117
1826,1825,99.200,341.679,236.963
1827,1826,99.200,342.293,236.656
1828,1827,100.000,342.140,236.771
1829,1828,100.400,342.178,237.002
1830,1829,100.800,342.639,236.887
1831,1830,101.200,343.176,236.848
1832,1831,102.400,343.560,236.656
1833,1832,103.200,343.522,236.234
1834,1833,104.400,343.829,236.042
1835,1834,105.200,344.098,235.850
1836,1430,101.200,327.893,239.075
1837,1836,101.200,328.585,239.306
1838,1837,101.200,329.161,239.229
1839,1838,101.200,329.391,238.768
1840,1839,101.200,329.967,238.039
1841,1840,100.800,330.428,237.386
1842,1841,100.400,330.505,237.079
1843,1842,100.400,330.927,236.733
1844,1843,99.600,331.119,236.541
1845,1844,99.200,331.695,236.042
1846,1845,99.200,332.732,235.927
1847,1846,99.600,333.154,235.927
1848,1847,99.600,334.153,236.080
1849,1848,100.400,334.345,236.157
1850,1849,100.800,334.767,236.349
1851,1850,101.600,335.113,236.541
1852,1851,102.400,335.266,236.771
1853,1852,102.800,335.612,236.771
1854,1853,102.800,335.996,236.387
1855,1854,102.800,335.881,236.119
1856,1855,102.800,336.341,235.927
1857,1856,103.200,336.648,235.735
1858,1300,63.600,337.416,239.037
1859,1858,62.800,337.762,239.191
1860,1859,62.000,337.954,239.075
1861,1860,61.200,337.877,239.536
1862,1861,60.800,337.800,239.344
1863,406,68.800,345.327,249.597
1864,1863,68.800,345.788,250.058
1865,1864,68.000,346.325,250.326
1866,1865,67.600,347.093,250.365
1867,1866,67.600,347.400,250.096
1868,1867,66.800,347.708,250.250
1869,1868,66.400,347.900,249.789
1870,1869,65.600,347.823,249.750
1871,1870,64.800,348.284,250.096
1872,1871,64.400,348.668,249.674
1873,1872,64.000,349.128,249.750
1874,996,111.600,314.646,244.605
1875,1874,110.400,314.914,243.837
1876,1875,108.800,315.183,243.414
1877,1876,108.000,315.337,242.838
1878,1877,106.800,315.030,243.069
1879,1878,105.600,314.377,244.413
1880,1879,104.400,314.146,245.603
1881,1880,103.600,314.031,246.525
1882,1881,95.200,333.193,245.450
1883,775,82.800,332.271,229.360
1884,1883,83.200,332.041,228.784
1885,1884,84.800,332.002,227.402
1886,1885,85.200,332.194,226.826
1887,1886,87.600,331.081,225.712
1888,1887,88.800,330.735,225.328
1889,1888,88.800,332.617,224.292
1890,1889,90.400,339.912,220.375
1891,1890,92.400,346.325,217.341
1892,1891,92.800,347.938,216.765
1893,1892,94.400,349.820,216.036
1894,1893,94.800,351.701,215.460
1895,1894,95.200,354.351,215.652
1896,1895,98.400,355.426,217.956
1897,1896,100.000,354.850,219.722
1898,1897,102.400,353.583,220.989
1899,1898,104.800,352.277,222.525
1900,1899,106.400,350.626,223.754
1901,1900,108.000,349.320,224.676
1902,1901,109.600,347.938,225.674
1903,1902,110.800,346.172,226.519
